Title|SKU|Image|Price|Cost|Category
large wooden TV / Entertainment cabinet|LAP-3921555315-SKU|https://i.ebayimg.com/thumbs/images/g/PvYAAOSwHBdbFO1E/s-l225.jpg|35.54|35.54|Entertainment Units, TV Stands
LG 42PG20D Plasma 42” TV USED - Working, No Stand|LAP-9344973739-SKU|https://i.ebayimg.com/thumbs/images/g/jW4AAOSwvupbwVK8/s-l225.jpg|53.31|53.31|Remote Controls
Handcrafted TV/Computer cabinet  keyboard rack|LAP-8016735846-SKU|https://i.ebayimg.com/thumbs/images/g/oJgAAOSwlulbYTts/s-l225.jpg|35.54|35.54|Entertainment Units, TV Stands
Solid timber tv entertainment unit. TV NOT INCLUDED. Side has been cut.|LAP-6127720125-SKU|https://i.ebayimg.com/thumbs/images/g/nFcAAOSwA71boQMv/s-l225.jpg|14.22|14.22|Entertainment Units, TV Stands
Large Solid Wood TV Unit with CD storage|LAP-4824452987-SKU|https://i.ebayimg.com/thumbs/images/g/R3kAAOSwON5bkdSG/s-l225.jpg|1.00|1.00|Entertainment Units, TV Stands
2 x  2 RCA to 2 RCA Male Composite Video Cord TV DVD - Local Pickup Only|LAP-2577076441-SKU|https://i.ebayimg.com/thumbs/images/g/oAoAAOSw9Z1acaQl/s-l225.jpg|2.13|2.13|Video Cables & Adapters
X Files Confidential TV Show Companion|LAP-2417396267-SKU|https://i.ebayimg.com/thumbs/images/g/8q8AAOSwvGlaVydp/s-l225.jpg|2.13|2.13|Fiction Books
Australia 50 Years Of Television IMT Stamp|LAP-486711603-SKU|https://i.ebayimg.com/thumbs/images/g/9LQAAOSwcgNZBvXB/s-l225.jpg|1.42|1.42|Individual
Australia 50 Years Of Television 50c Stamp HOMICIDE (3)|LAP-2893786309-SKU|https://i.ebayimg.com/thumbs/images/g/nM0AAOSwONBZBx29/s-l225.jpg|1.42|1.42|Individual
Australia 50 Years Of Television Dateline 50c Stamp|LAP-6609093310-SKU|https://i.ebayimg.com/thumbs/images/g/dOAAAOSwR29ZB-2C/s-l225.jpg|1.42|1.42|Individual
50 Years Of Television IMT 50c Stamp|LAP-4504083209-SKU|https://i.ebayimg.com/thumbs/images/g/AHgAAOSwuMZZCVN~/s-l225.jpg|1.42|1.42|Individual
50 Years Of Television IMT Stamp|LAP-3484162656-SKU|https://i.ebayimg.com/thumbs/images/g/mxIAAOSww9xZCXIs/s-l225.jpg|1.42|1.42|Individual
50 Years Of Television Dateline And IMT Stamps 50c|LAP-5087890743-SKU|https://i.ebayimg.com/thumbs/images/g/4WkAAOSwt0FZCXL0/s-l225.jpg|1.42|1.42|Individual
50 Years Of Australian Television Stamp HOMICIDE 50c|LAP-6775448229-SKU|https://i.ebayimg.com/thumbs/images/g/LmgAAOSww5NZBthX/s-l225.jpg|1.56|1.56|Individual
Australian 1999 Children’s TV Playschool Australia set of 5 S/A stamps used|LAP-995121289-SKU|https://i.ebayimg.com/thumbs/images/g/XhwAAOSw92RbJP9h/s-l225.jpg|1.41|1.41|Sets
2006 AUSTRALIA 50 YEARS OF TELEVISION SET OF 5 X 50C STAMPS - FINE USED|LAP-1083429091-SKU|https://i.ebayimg.com/thumbs/images/g/slAAAOSwzrBawd5o/s-l225.jpg|1.07|1.07|Sets
Swap Playing Cards 1 Japanese Space Patrol Hopper TV Series 1960's A4|LAP-8169237823-SKU|https://i.ebayimg.com/thumbs/images/g/v4EAAOSwEppUQ6IT/s-l225.jpg|1.07|1.07|Playing Cards
Swap Playing Cards 1 Japanese Wolf Boy Ken TV Series 1960's A10|LAP-6980713615-SKU|https://i.ebayimg.com/thumbs/images/g/JvsAAOSwDN1UQ6Lw/s-l225.jpg|1.07|1.07|Playing Cards
AUST 1999 CHILDRENS TV  SET OF 5 P/S  F/U|LAP-2071480055-SKU|https://i.ebayimg.com/thumbs/images/g/bfwAAOxyYANTYvjl/s-l225.jpg|1.78|1.78|Sets
JS KATORI (TV-3501), Photo, Japanese Navy SDF Training Ship,1969 - 1998|LAP-1895991572-SKU|https://i.ebayimg.com/thumbs/images/g/ipUAAOSwLJ9Z5yzn/s-l225.jpg|1.14|1.14|Military
Australia 1995 Pre Stamped Envelope PSE FDI - World Summit Television Children|LAP-9351393644-SKU|https://i.ebayimg.com/thumbs/images/g/gPEAAOSw38Vbt1fe/s-l225.jpg|.71|.71|Australian Decimal
AUSTRALIA 2016 50 years of PLAY SCHOOL Childrens TV program P&S stamp  MNH|LAP-6702055065-SKU|https://i.ebayimg.com/thumbs/images/g/b1YAAOSwc2tZcb63/s-l225.jpg|1.17|1.17|Sets
Cool Funny Stickers 55+ Designs! Laptop Car Skateboard Wall Waterproof Vinyl|LAP-3504089346-SKU|https://i.ebayimg.com/thumbs/images/m/mBjNNTtqo9b2OArnnAsJkXQ/s-l225.jpg|1.41|1.41|Wall Stickers
Neon Signs Stickers 20+ Designs! Cool Laptop Car Skateboard Waterproof Vinyl|LAP-8139815910-SKU|https://i.ebayimg.com/thumbs/images/m/mvXRY8T7NHNCmJIl3bIDBsg/s-l225.jpg|1.41|1.41|Wall Stickers
Freedom Wooden TV Entertainment Wall Unit, Stand|LAP-2762337480-SKU|https://i.ebayimg.com/thumbs/images/g/r-4AAOSw15Zbsw4u/s-l225.jpg|7.11|7.11|Entertainment Units, TV Stands
Swap Playing Cards 1 Japanese 60's Samurai Boy 'TV Series' 3/4 Size A29|LAP-5412499508-SKU|https://i.ebayimg.com/thumbs/images/g/lZUAAOxy0zhTNO~P/s-l225.jpg|1.42|1.42|Playing Cards
Swap Playing Cards 1 Japanese Astro Boy TV Series - Ninja Warrior 1960's A12|LAP-5169832274-SKU|https://i.ebayimg.com/thumbs/images/g/8oQAAOSwYKNas3x~/s-l225.jpg|1.42|1.42|Playing Cards
Sony television|LAP-4565147390-SKU|https://i.ebayimg.com/thumbs/images/g/Xj8AAOSwUlxbv0St/s-l225.jpg|21.32|21.32|TVs
various mainboards and circuts from TVs and Microwaves|LAP-7442239856-SKU|https://i.ebayimg.com/thumbs/images/g/mZIAAOSwoT1a2~Ia/s-l225.jpg|3.55|3.55|TV Boards, Parts & Components
Peg Bundy Pin Badge Button Jacket Patch Battle Jacket Funny Television|LAP-1646056210-SKU|https://i.ebayimg.com/thumbs/images/g/XTsAAOSw2ytbob5E/s-l225.jpg|1.42|1.42|Other Badges
TV rabbit ears with bonus cables|LAP-5460333877-SKU|https://i.ebayimg.com/thumbs/images/g/O90AAOSwTRFZolU7/s-l225.jpg|3.55|3.55|Satellite Dishes
Swap Playing Cards 1 Japanese 1960's  TV Series Astro Boy A3a|LAP-268720260-SKU|https://i.ebayimg.com/thumbs/images/g/NEMAAOSw0odbo4yF/s-l225.jpg|1.42|1.42|Playing Cards
Turkish TV Live Turkey channels Sports News TV Shows IPTV Trial Turk|LAP-1944946502-SKU|https://i.ebayimg.com/thumbs/images/g/rNoAAOSwImRYko6i/s-l225.jpg|3.55|3.55|Internet & Media Streamers
Australian 50 Years Of TV  2006 Australia set of 5 Sheet stamps used|LAP-4908751502-SKU|https://i.ebayimg.com/thumbs/images/g/Mf0AAOSwEjlbM6g7/s-l225.jpg|1.77|1.77|Sets
Sumsung Ltj320ap03h Tv Parts|LAP-3271308790-SKU|https://i.ebayimg.com/thumbs/images/g/TYAAAOSwFb5bXWMc/s-l225.jpg|3.55|3.55|TV Boards, Parts & Components
Swap Playing Cards 1 Japanese TV Series Superman Barom 1 Anime 3/4 Size A48|LAP-8673898426-SKU|https://i.ebayimg.com/thumbs/images/g/X5oAAOSwjpRas51y/s-l225.jpg|1.42|1.42|Playing Cards
1.5 metre Coaxial antenna Socket cable. TV Antenna Video Cord|LAP-6164984012-SKU|https://i.ebayimg.com/thumbs/images/g/EuoAAOSw5cNYj7kq/s-l225.jpg|3.55|3.55|Video Cables & Adapters
TV antenna/coaxial cable port with metal look cover|LAP-6583620126-SKU|https://i.ebayimg.com/thumbs/images/g/o80AAOSwfXFbQajY/s-l225.jpg|3.55|3.55|Power Cables & Connectors
Italy Live TV Italian channels Sports News Current Affairs TV Shows IPTV Trial|LAP-6252799439-SKU|https://i.ebayimg.com/thumbs/images/g/QuQAAOSwx2dYEUGV/s-l225.jpg|3.55|3.55|Internet & Media Streamers
Swap Playing Cards 1 Japanese Astro Boy TV Series Thunderbirds 1960's A14|LAP-9552230130-SKU|https://i.ebayimg.com/thumbs/images/g/u6YAAOSwXRxas30U/s-l225.jpg|1.42|1.42|Playing Cards
Swap Playing Cards 1 Japanese 1960's  TV Series Astro Boy &Uran Bubbles  A247|LAP-1991309907-SKU|https://i.ebayimg.com/thumbs/images/g/AM8AAOSwCsBa9rNe/s-l225.jpg|1.42|1.42|Playing Cards
Swap Playing Cards 1 Japanese Astro Boy TV Series - Prince Planet 1960's A11|LAP-4218282118-SKU|https://i.ebayimg.com/thumbs/images/g/nLUAAOSwB-1YpMvm/s-l225.jpg|1.42|1.42|Playing Cards
Swap Playing Cards 1 Japanese TV Series Doll Girl Anime 3/4 Size A54|LAP-5858196546-SKU|https://i.ebayimg.com/thumbs/images/g/sucAAOSw7btas6PH/s-l225.jpg|1.42|1.42|Playing Cards
Swap Playing Cards 1 Japanese Astro Boy TV Series 1960's A13|LAP-1966831676-SKU|https://i.ebayimg.com/thumbs/images/g/kJUAAOSwrppas3zR/s-l225.jpg|1.42|1.42|Playing Cards
Australian 1999 Children’s TV Playschool Australia set of 5 Sheet stamps used|LAP-3228679912-SKU|https://i.ebayimg.com/thumbs/images/g/00cAAOSwDD1bM3Q3/s-l225.jpg|1.77|1.77|Sets
TV Cabinet with Storage Black White Glass Glossy Pick Up Fairfield NSW|LAP-1455747398-SKU|https://i.ebayimg.com/thumbs/images/g/0QkAAOSw8JZbv72H/s-l225.jpg|3.55|3.55|Entertainment Units, TV Stands
